valido a la fecha,AUTOR,AÑO,TITULO,SIGNATURA,INVENTARIO,Páginas s/f,Observaciones,Enviado al SEDICI,Devuelto por SEDICI,comentarios,preparadas para envio
7/8/2026,"Challiol, Bernardo",-1989,Ómnibus larga distancia: Memoria descriptiva,658.5(043) CHA,21137,3,2 planos,24/04/2026,,,
7/8/2026,"Chacón, Carlos Alberto",-1980,Incubadora de premanturos,658.5(043) CHAi,13307,30,,24/04/2026,,,
7/8/2026,"Chernoff, Jorge",-1988,Tablero de control inyectoras de plástico: planos,658.5(043) CHE,20773,,3 planos,24/04/2026,,,
7/8/2026,"Ciera, Jorge Omar",-1979,Máquina de coser portátil: Memoria,658.5(043) CIE,13200,7,,24/04/2026,,,
7/8/2026,"Cortés, Ricardo Pablo",-1983,Ambulancia,658.5(043) COR,19529,34,,24/04/2026,,,
7/8/2026,"Dagfal, Dardo M.",-1986,Equipamiento para Jardín de Infantes,658.5(043) DAG,20312,23,,24/04/2026,,,
7/8/2026,"Daiez, Fabián",-1987,Cubiertos,658.5(043) DAI,20763,7,5 planos,24/04/2026,,,
7/8/2026,"D'Angelo, Hugo Eduardo",(1980/1981),Cabina para camión,658.5(043) DAN,17215,22,,24/04/2026,,,
7/8/2026,"De Girolamo, Osvaldo Ángel",-1981,Transporte escolar:,658.5(043) DEG,15401,35,,24/04/2026,,,
7/8/2026,"Delucchi, Nelly Silvia",-1979,Línea de balanzas: Informe,658.5(043) DEL,16705,33,,24/04/2026,,,
7/8/2026,"Gustavino, María Mercedes Quinciana ",-1975,El arte platense: Grupos y movimientos en la plástica actual,7(043) AR7 t.3,4893,195,,24/04/2026,,Hay unos planos que no coinciden con la Tesis del vehículo,
7/8/2026,"Altamirano, Ana María",-1975,El arte platense: El nacimiento de la plástica en La Plata,7(043) ALT t.1,4892,237,,,,,si
7/8/2026,"Denda, Mercedes",-1982,Unidad funcional cocina,658.5(043) DEN,18589,33,,,,,si
7/8/2026,"Dunogent, Ricardo",-1985,Lancha sanitaria,658.5(043) DUN,20052,24,3 planos,,,,si
7/8/2026,"Durante, Carlos",-1984,Sistema de equipamiento bancario,658.5(043) DUR,19944,47,,,,,si
7/8/2026,"Edelstein, Alberto Guillermo",-1979,Equipamiento urbano,658.5(043) EDE,2206,6,,,,,si
7/8/2026,"Feo, Antonio",-1989,Ampliadora fotográfica: Memoria descriptiva,658.5(043) FEO,21052,18,8 planos,,,,si
7/8/2026,"Fernández, Pablo",-1983,Gimnasio terapéutico,658.5(043) FER,19877,76,,,,,si
7/8/2026,"Figliozzi, Mario Claudio Constante",-1978,Sistema de viviendas temporarias,658.5(043) FIG,1884,13,1 plano,,,,si
7/8/2026,"Fraga, Mariana",-1989,Sistema de cocina integral,658.5(043) FRA,21026,6,4 planos,,,,si
7/8/2026,"Fuertes, Laura",-1988,Unidad de cocina: planos,658.5(043) FUE,21144,10,4 planos,,,,si
7/8/2026,"Gadler, Silvio Víctor José",-1984,Menaje,658.5(043) GAD,19946,13,,,,,si
7/8/2026,"Alcorta, Julio Roberto",-1977,Drago: automóvil eléctrico de uso público. Memoria,658.5(043) ALC,5762,22,,05/06/2025,01/07/2025,,
7/8/2026,"Alcorta, Julio Roberto",-1977,Drago: automóvil eléctrico de uso público. Carpeta de detalles,658.5(043) ALC,5762,21,planos ,05/06/2025,01/07/2025,,
7/8/2026,"Alfano, Marina",-1989,Equipamiento para locales de indumentaria femenina: Memoria,658.5(043) ALF,21113,6,,05/06/2025,01/07/2025,,
7/8/2026,"Amante, Ignacio",-1990,Aplicador Hot-Melt: Memoria descriptiva,658.5(043) AMA,21183,6,,05/06/2025,01/07/2025,,
7/8/2026,"Anido, Raúl Eduardo",-1979,Sistema de equipamiento sanitario,658.5(043) ANI,13618,31,,05/06/2025,01/07/2025,,
7/8/2026,"Anido, Raúl Eduardo",-1979,Sistema de equipamiento sanitario,658.5(043) ANI,13618,4,,05/06/2025,01/07/2025,,
7/8/2026,"Aprea, Jorge",-1984,Sistema de seguridad industrial Olivetti,658.5(043) APR,19857,17,,05/06/2025,01/07/2025,,
7/8/2026,"Aprea, Jorge",-1984,Sistema de seguridad industrial Olivetti,658.5(043) APR,19857,4,,05/06/2025,01/07/2025,,
7/8/2026,"Arce Alcalá, Adriana",-1984,Unidad de cocina: Memoria,658.5(043) ARC,21135,21,4 planos,05/06/2025,01/07/2025,,
7/8/2026,"Arce Alcalá, Adriana",-1989,Vehículo náutico: Memoria descriptiva,658.5(043) ARCv,21134,14,1 plano,15/09/2025,17/11/2025,,
7/8/2026,"Asato, Daniel",-1986,Descripción vehículo de emergencias especiales,658.5(043) ASA,20320,22,14 planos,16/09/2025,17/11/2025,,
7/8/2026,"Ashifu, María Susana",-1987,Escuela móvil: Memoria descriptiva,658.5(043) ASH,20433,15,,17/09/2025,17/11/2025,,
7/8/2026,"Barbato, Mónica",-1986,Kiosco para Parque Palermo,658.5(043) BAR,20313,10,5 planos,18/09/2025,17/11/2025,,
7/8/2026,"Bendinger, Alberto",-1985,Refugio de montaña: Memoria,658.5(043) BEN,20020,28,,19/09/2025,17/11/2025,,
7/8/2026,"Bianchi, Walter",-1985,Equipamiento para sala de Jardín de Infantes: Memoria,658.5(043) BIA,20018,13,,20/09/2025,17/11/2025,,
7/8/2026,"Bollini, Horacio R.",-1978,Agujereadora radial,658.5(043) BOL,19797,23,,21/09/2025,17/11/2025,,
7/8/2026,"Borri, Carlos Alberto",-1970,Vehículo para transporte de pasajeros,658.5(043) BOR,5721,40,,22/09/2025,17/11/2025,,
7/8/2026,"Bórquez, Eduardo Luis",(1985?),Laboratorio fotográfico portable: Memoria,658.5(043) BORf,20019,21,,23/09/2025,17/11/2025,,
7/8/2026,"Boue, Cecilia",-1986,Vehículos infantiles armables,658.5(043) BOU,20539,27,,01/12/2025,19/12/2025,,
7/8/2026,"Brunatti, Julio",-1985,Vehículo urbano para lisiados: Memoria,658.5(043) BRU,20059,29,7 planos,01/12/2025,19/12/2025,,
7/8/2026,"Brunengo, José Antonio (los dos trabajos están en una misma caja)",,Móvil acuático y recreativo:,658.5(043) BRUm,20937,21,8 planos,01/12/2025,19/12/2025,,
7/8/2026,"Brunengo, José Antonio (los dos trabajos están en una misma caja)",,Pupitre escolar y silla,658.5(043) BRUp,20938,33,11 planos,01/12/2025,19/12/2025,,
7/8/2026,"Calahorra, Guillermo",-1978,Unidad funcional baño,658.5(043) CAL,1893,26,,01/12/2025,19/12/2025,,
7/8/2026,"Campbell, Lorna",-1986,Equipamiento para tienda de modas,658.5(043) CAM,20314,30,,01/12/2025,19/12/2025,,
7/8/2026,"Capeletti, Daniel",(1978/79),Familia de aspiradoras,658.5(043) CAP,16688,17,,01/12/2025,19/12/2025,,
7/8/2026,"Carminatti, Cristina Alicia",-1975,Barredora de plazas y parques,658.5(043) CAR,5645,13,,01/12/2025,19/12/2025,,
7/8/2026,"Cavalli, Jorge Carlos",-1979,Vivienda temporaria para obreros: Informe,658.5(043) CAV,1883,6,,01/12/2025,19/12/2025,,
7/8/2026,"Cédola, Marta Beatriz",(1981?),Dormitorio infantil,658.5(043) CED,17556,67,,01/12/2025,19/12/2025,,
7/8/2026,"Centeleghe, Silvia",(1980?),Sistema de equipamiento para estudio de diseño,658.5(043) CEN,17214,9,,01/12/2025,19/12/2025,,
7/8/2026,"Galán, María Beatriz",-1980,Mesa y asiento para dactilógrafo: Memoria descriptiva,658.5(043) GAL,12004,6,,,,,
7/8/2026,"Garuti, María",-1986,Equipamiento para indumentaria y artículos deportivos:,658.5(043) GAR,20245,7,,,,,
7/8/2026,"García, Raúl Horacio",-1980,Barredora,658.5(043) GARb,16072,13,,,,,
7/8/2026,"Garber, Ricardo César",-1979,Estación de servicio,658.5(043) GARd,16699,53,,,,,
7/8/2026,"García, Viviana Roxana",-1985,Equipamiento para laboratorio de idiomas,658.5(043) GARe,20061,27,,,,,
7/8/2026,"García, Mario R.",-1975,Moto múltiple agrícola,658.5(043) GARm,5776,17,,,,,
7/8/2026,"Garay, Víctor Hugo",-1981,Sistema audiovisual transportable,658.5(043) GARs,17558,13,,,,,
7/8/2026,"Grimozzi, Eduardo",-1984,Sistema de calefacción a leña: Memoria descriptiva,658.5(043) GRI,19945,8,,,,,
7/8/2026,"Heras, Pablo H.",-1986,Equipo para perforaciones,658.5(043) HER,20538,20,,,,,
7/8/2026,"Horvat, Clara",-1981,Equipamiento para aulas de Jardín de Infantes,658.5(043) HOR,17559,32,,,,,
7/8/2026,"Huala, Gustavo A.",(1984/85),Obrador,658.5(043) HUA,2015,19,,,,,
7/8/2026,"Iacono, Claudio",-1988,Interiores de muebles de cocina:,658.5(043) IAC,20756,11,3 planos,,,,
7/8/2026,"Ibarguren, José María",-1988,Gimnasio de rehabilitación: Memoria,658.5(043) IBA,20920,5,,,,,
7/8/2026,"Inda, Guillermo Roberto",-1980,Equipamiento para habitat universitario: Memoria descriptiva,658.5(043) IND,16660,9,,,,,
7/8/2026,"Isatis, Rodolfo",-1984,Vehículo utilitario todo terreno,658.5(043) ISA,20017,17,,,,,
7/8/2026,"Juárez, Luis",-1988,Vehículo playero anfibio: Memorias,658.5(043) JUA,21138,4,6 planos,,,,
7/8/2026,"Jure, Carlos Alberto",-1987,Mobiliario de cocina,658.5(043) JUR,21142,7,7 planos,,,,
7/8/2026,"Kanaskevich, Sergio",-1977,Sistema de equipamiento urbano: Catálogo de posibilidades,658.5(043) KAN,5720,8,15 planos,,,,
7/8/2026,"Kaser, Manfredo",-1977,Balanzas,658.5(043) KAS,2205,33,,,,,
7/8/2026,"Kofman, Alicia Gladys",-1988,Móvil naútico para recreación,658.5(043) KOF,21525,7,4 planos,,,,
7/8/2026,"Kuszek, Elisabet",-1983,Equipamiento para plazas de pueblo con juegos para niños,658.5(043) KUS,19280,20,,,,,
7/8/2026,"Lamberti, Néstor",-1978,Conjunto de apartatos para bar lácteo,658.5(043) LAM,5660,18,,,,,
7/8/2026,"Lanzavecchia, Pablo Fabián",-1988,Cocina integral,658.5(043) LAN,21147,4,3 planos,,,,
7/8/2026,"Lascano, Patricia Elet",-1980,Equipamiento de playa,658.5(043) LAS,16720,31,fotos,,,,
7/8/2026,"Lasalde, Héctor Luis",-1989,Motocicleta: Memoria,658.5(043) LASm,20974,17,fotos,,,,
7/8/2026,"Legaria, Hugo",-1979,Sistema de equipamiento de oficinas,658.5(043) LEG,16700,32,fotos,,,,
7/8/2026,"Llanos, Raquel Edith",-1988,Interiores de placards,658.5(043) LLA,20869,14,8 planos,,,,
7/8/2026,"Llanos, Raquel Edith",-1988,Escalera para el hogar,658.5(043) LLAe,20868,19,3 planos,,,,
7/8/2026,"Lunelli, Luis Alberto",-1986,Camión larga distancia,658.5(043) LUN,20321,15,,,,,
7/8/2026,"Luoni, Verónica Jorgelina",-1977,Sistema audiovisual,658.5(043) LUO,5763,26,fotos,,,,
7/8/2026,"Malleret, Jorge Hernán",-1986,Ómnibus de larga distancia,658.5(043) MAL,20319,49,13 planos,,,,
7/8/2026,"Malano, Hugo A.",-1982,Movícola. Unidad móvil de mantenimiento avícola: Memoria descriptiva,658.5(043) MALm,18996,21,,,,,
7/8/2026,"Marín, Luis Leopoldo",-1977,Unidad audiovisual,658.5(043) MAR,5489,29,11 planos,,,,
7/8/2026,"Martínez, Liliana",-1986,Aparatos y soportes para laboratorios: Memoria,658.5(043) MARa,20426,31,fotos,,,,
7/8/2026,"Martínez Conte, Domingo",-1987,Máquina cortadora de césped: Memoria,658.5(043) MARm,20765,10,9 planos,,,,
7/8/2026,"Massigoge, Guillermo",-1977,Unidad hospitalaria,658.5(043) MAS,5852,20,,,,,
7/8/2026,"Mathov, Carlos",-1988,Unidad de cocina,658.5(043) MAT,20956,44,10 fotos,,,,
7/8/2026,"Monastra, Mario Vicente",(1981?),Unidad móvil de servicios automóviles,658.5(043) MON,16722,40,,,,,
7/8/2026,"Monsech, Luis Alberto",-1987,Sillón geriátrico: Informe final,658.5(043) MONs,20779,15,,,,,
7/8/2026,"Olavarría, Martín",-1985,Sistema de calefacción,658.5(043) OLA,20058,12,2 planos,,,,
7/8/2026,"Oré González, Daniel S.",-1977,Silla de ruedas,658.5(043) ORE,5662,6,,,,,
7/8/2026,"Ortega, Claudia I.",-1982,Móvil para vivir de viaje,658.5(043) ORT,18999,18,,,,,
7/8/2026,"Ortega, Patricia",-1986,Mobiliario para jardín de infantes,658.5(043) ORTm,20315,9,2 planos,,,,
7/8/2026,"Otero, Lilian Noemí",-1983,Calesita,658.5(043) OTE,19531,14,,,,,
7/8/2026,"Ottaviano, Orlando Manuel",(1981?),Vehículo para taxi: secuencia de armado,658.5(043) OTT,16669,17,,,,,
7/8/2026,"Pollak, Juan Pablo",-1988,Cocina con espacio reducido,658.5(043) POLc,21036,7,9 planos,,,,
7/8/2026,"Pollak, Juan Pablo",-1988,Vehículo acuático de recreación:,658.5(043) POLv,21037,,3 planos,,,,
7/8/2026,"Portillo, Ricardo Salvador",-1978,Zorra de ferrocarril: Informe,658.5(043) POR,1900,14,,,,,
7/8/2026,"Pose, Eduardo Alejandro",-1977,Motocicletas de carga,658.5(043) POS T.1 y T.2,5496,31,22 planos,,,,