id_koha,titulo,autor,anio_publicacion,tipo_tesis,institucion,anio_titulo
43540,"¿Dónde está la obra? :","Buchara, Marina Jorgelina",,"Licenciatura en Artes Plásticas (orientación Grabado y Arte Impreso).","Universidad Nacional de La Plata. Facultad de Bellas Artes",[s.f.]
43525,"¿El que compone no baila?  :","Mansilla Pons, Ramiro",,"Magister en Estética y Teorías de las Artes.","Universidad Nacional de La Plata. Facultad de Bellas Artes",2017
40619,"¿Farafarachín!... o el arte de los cabezazos :","Chacón Solís, Liliana Alicia",,,,
41809,"¿Qué nos muestra la televisión latinoamericana de la música popular de nuestra América? :","Cánnova, María Paula",,"Doctorado en Artes.","Universidad Nacional de La Plata. Facultad de Bellas Artes",2017
43073,"""Mas grave que antes"" para conjunto instrumental de 15 ejecutantes","Rivas, Emilio",,"Licenciatura en Música (orientación en Composición).","Universidad Nacional de La Plata. Facultad de Bellas Artes",[s.f]
43539,"""Sabe la Tierra""","Ibarra, Fernando",,"Tesis colectiva. Licenciatura en Comunicación Audiovisual (orientación en Realización de cine, tv y video) Plan 2003.","Universidad Nacional de La Plata. Facultad de Bellas Artes",2019
32746,"A Electra le sienta el luto","De Santo, Edgar",,,,
41751,"Acerca de lo narrado en la performance :","Tanco, Matías Germán",,,,
43497,"Acercamiento a los modos de producción vocal en el canto de músicas populares :","Machuca Tellez, Daniel",,"Tesis de Especialización en Lenguajes Artísticos.","Universidad Nacional de La Plata. Facultad de Artes",2022
43530,"Adxé/Gadxé. Construir una identidad de género y no morir en el intento :","Anell, María Isabela",,"Tesis de Licenciatura en Historia del Arte (Orientación Artes Visuales).","Universidad Nacional de La Plata. Facultad de Artes",2022
42841,"Agua sobre fuego y fuego bajo tierra :","Albuja Estévez, Ronny Fernando",,"Licenciatura en Artes Audiovisuales (orientación Dirección de Fotografía).","Universidad Nacional de La Plata. Facultad de Artes",2019
43162,"Agujereadora radial","Bollini, Horacio R",,"Proyecto de graduación.","Facultad de Bellas Artes. UNLP",1978
30870,"Al rescate de una expresión gráfica popular :","Nadal, Patricio",,,,
32496,"Alejandro Xul Solar","García Romero, Jorge O",,,,
44151,"Algunas recurrencias mitográficas en el arte precolombino","Candi, Néstor Rodolfo",,,,
44152,"Algunas recurrencias mitográficas en el arte precolombino","Candi, Néstor Rodolfo",,,,
43200,Ambulancia,"Cortés, Ricardo Pablo",,"Proyecto de graduación.","Facultad de Bellas Artes. UNLP",1983
43163,"Ampliadora fotográfica :","Feo, Antonio",,"Proyecto de graduación.","Facultad de Bellas Artes. UNLP",1989
32862,"Análisis morfológico de un sistema de figuras","Garat, Carlos Alberto",,,,
43239,"Aparatos y soportes para laboratorios :","Martínez, Liliana",,"Proyecto de graduación.","Facultad de Bellas Artes. UNLP",1986
32600,"Aplicación de relieves perforados como separadores (o unificadores) de espacios o ambientes en la arquitectura contemporánea","Valente, Ana M",,,,
43211,"Aplicador Hot-Melt :","Amante, Ignacio",,"Proyecto de graduación.","Facultad de Bellas Artes. UNLP",1990
43510,"Aportes para la enseñanza del arte a partir de proyectos integrados en la escuela primaria","Capellini, María Florencia",,"Especialización en Lenguajes Artísticos.","Universidad Nacional de La plata. Facultad de Artes",[s/f]
43500,"Aportes potenciales de la Euritmia de Steiner a la práctica musical, a la luz de la cognición musical corporeizada :","Azcurra, Claudio David",,"Maestría en Psicología de la Música.","Universidad Nacional de La Plata. Facultad de Bellas Artes",2019
32726,"Aprender a vivir en comunidad. Area editorial","Espil, Silvina",,,,
42879,"Apropiación y repertorio en las re-escrituras de Edgardo Antonio Vigo y Elena Comas","Cisneros, Julia",,"Magister en Estética y Teoría de las Artes.","Universidad Nacional de La Plata. Facultad de Artes",2020
32512,"Aproximaciones al bioarte :","Matewecki, Natalia",,,,
42951,"Archivo La Condesa :","Cleve, María Abril",,"Licenciada en Historia de las Artes Visuales.","Universidad Nacional de La Plata. Facultad de Artes",2021
32602,"Arte inflable","Cabutti, Marcela",,,,
41756,"Arte y desplazamiento simbólico de la angustia ante la finitud :","Sagaspe, Federico",,,,
43234,"Artefactos para zonas rurales :","Roda, Miguel Ángel",,"Proyecto de graduación.","Facultad de Bellas Artes. UNLP",1977
32543,"Artistas invisibles en la red postal (1975-1995)","Gutiérrez Marx, Graciela",,,,
43212,"Asientos para transporte","Sáenz, Héctor Daniel",,"Proyecto de graduación.","Facultad de Bellas Artes. UNLP",1981
32820,"Asociación comodorense de Ayuda al Diabético","Mendonca, Mario J",,,,
32592,"Audición final","Fasetti, Gustavo Enrique",,,,
32812,"Audiovisual para visitas guiadas de escuelas primarias en el Observatorio Astronómico de la Universidad Nacional de La Plata.","Hegi, Ana Gabriela",,,,
43213,Automóvil?,"Ruiz, Alejandro",,"Proyecto de graduación.","Facultad de Bellas Artes. UNLP",1984
32900,"B.F.B. Autolube S.A.","Pecchinenda, Claudia",,,,
41084,"Bajo un azul dilatado. Ensayo para una estética musical sudamericana","Menacho, Luis",,,,
43189,Balanzas,"Kaser, Manfredo",,"Proyecto de graduación.","Facultad de Bellas Artes. UNLP",1977
43202,Barredora,"García, Raúl Horacio",,"Proyecto de graduación.","Facultad de Bellas Artes. UNLP",1980
43158,"Barredora de plazas y parques","Carminatti, Cristina Alicia",,"Proyecto de graduación.","Facultad de Bellas Artes. UNLP",1975
43106,"Batlle Planas","Rodríguez, Marta Graciela",,"Tesis Historia de las Artes Plásticas.","Faculta de Bellas Artes. UNLP",1990
43521,"Bellas Artes, una institución generadora de diseñadores gráficos :","Loor, Leonardo",,"Maestría en Estética y Teiría de las Artes.","Universidad Nacional de La Plata. Facultad de Artes",2022
32660,"Bernard Leach, su influencia en la cerámica europea actual","Orione, Leonor R",,,,
32863,"Biblioteca Pública Central de la Provincia de Buenos Aires","García, Patricia",,,,
32705,Bioformas,"Antonioli, Gloria Lucía",,,,
32688,"Bonafide S.A.I.C.","Di Stasio, Marcelo",,,,
32740,"Buscando las n dimensiones a través del vitral","Vilte, Armando Jesús",,,,
43172,"Butacas para teatros, Gaudi Fierro","Voglino, Julio",,"Proyecto de graduación.","Facultad de Bellas Artes. UNLP",1982
43154,"Cabina para camión","D'Angelo, Hugo Eduardo",,"Proyecto de graduación.","Facultad de Bellas Artes. UNLP",1980/1981
43184,"Cabina para guardavidas","Reales, Alejandro E",,"Proyecto de graduación.","Facultad de Bellas Artes. UNLP",1980
43235,Calesita,"Otero, Lilian Noemí",,"Proyecto de graduación.","Facultad de Bellas Artes. UNLP",1983
41913,"Cálulo urbano  :","Alvarado, Pablo Nicolás",,,,
32582,"Cambio y fuera","Simonovich, Alejandro",,,,
32919,"Cambio y Turismo Allegretti S.A.","Strack, Ricardo",,,,
43223,"Camión larga distancia","Lunelli, Luis Alberto",,"Proyecto de graduación.","Facultad de Bellas Artes. UNLP",1986
32668,"Campaña de concientización de los derechos del no fumador","Caviggia, Guillermo",,,,
32720,"Campaña de difusión del proyecto de Consejos de Escuela","Fernández, Ricardo",,,,
32709,"Campaña municipal de responsabilidad vial  :","Albornoz Beneito, María Gabriela",,,,
32715,"Campaña promocional de Mar del Plata","Bitar, Marcela",,,,
32642,"Campaña publicitaria. Prevención del alcoholismo","Barber, Mariela Mercedes",,,,
43103,"Campaña sanitaria :","Romero, Juan A",,"Proyecto de graduación.","Facultad de Bellas Artes. UNLP",1991
32906,"Campañas de fiestas populares. Municipalidad de La Plata","Peloche, Guillermo",,,,
32665,"Campañas de prevención odontológica","Católica, María M",,,,
32891,"Canal 10 de Junín. Identidad de empresa","Príncipi, Rubén E",,,,
39231,"Cantar canciones entre los cuarenta y cincuenta meses: una habilidad en gestación.","Monaco, María Gabriela",,,,
28360,"Características del movimiento corporal no efector y su relación con la configuración melódica en la improvisación musical :","Assinnato, María Victoria",,Maestría.,"Facultad de Bellas Artes. Unlp",2014
32708,"Carta Joven. Dirección de la Juventud. Municipalidad de La Plata","Molina, Cecilia",,,,
32956,"Casa del niño. República de los niños","Vigier, Leonel Pablo",,,,
32691,"Cementerio de la ciudad. Municipalidad de la Plata","Castro, Olga",,,,
32889,"Centro Cultural Pasaje Dardo Rocha","Pousada, Claudio Marcelo",,,,
32907,"Centro Cultural Tinkunaku","Pepe, Eduardo Gabriel",,,,
32730,"Centro cultural Zárate","Zarou, Silvana",,,,
41753,"Centros, casas y espacios. Modos de autogestión artística y cultural en la ciudad de La Plata (2005-2015)","Valente, Alicia Karina",,,,
32916,"Centur. Identidad de empresa","Moreno, Susana Alicia",,,,
44160,"Cerámica :","Angiorama, María Verónica",,,,
44161,"Cerámica :","Angiorama, María Verónica",,,,
32629,"Ceramista alemanes contemporáneos","Apullan de Presas, Lilian Susana",,,,
32957,"Clínica veterinaria integral Trudy´s","Vergara, María Elina",,,,
43181,"Cocina con espacio reducido","Pollak, Juan Pablo",,"Proyecto de graduación.","Facultad de Bellas Artes. UNLP",1988
43177,"Cocina integral","Lanzavecchia, Pablo Fabián",,"Proyecto de graduación.","Facultad de Bellas Artes. UNLP",1988
32625,"Colección de cuentos infantiles","Blanco, María Cecilia",,,,
32626,"Colección de libros de Ecología","Bernal, Renata",,,,
32932,"Colección de libros sobre Biogeografía Argentina para niños de 9 a 12 años","Suárez, Mónica S",,,,
32791,"Colección Vivir en libertad. República de los niños :","Larrañaga, María Marta de",,,,
32782,Color,"Kaneshiro, Michiko",,,,
43504,"Color y materialidad. Un vínculo indisociable en las producciones artísticas contemporáneas :","Cuomo, Clelia",,"Especialización en Lenguajes Artísticos.","Universidad Nacional de La Plata. Facultad de Bellas Artes",2018
39970,"Cómo se expresa lo indecible? :","De Santo, Edgar",,,,
32622,"Complejo turístico La Hoya :","Adriani, Lila Elisabet",,,,
43545,"Composiciones para guitarra sobre textos literarios","Fernández, Santiago",,"Licenciatura en Música (orientación en Guitarra Diseño Programático dos).","Universidad Nacional de La Plata. Facultad de Artes",[s.f]
44153,"Concierto de graduación :","Conde Ferreyra, Esteban",,,,
43550,"Concierto de guitarra :","Carrillo Landeros, Jorge Andrés",,"Licenciatura en Música (orientación Guitarra).","Universidad Nacional de La Plata. Facultad de Bellas Artes",[s.f]
43514,"Conformación del negocio cinematográfico en la Argentina :","Paladino, Diana",,"Doctorado en Artes.","Universidad Nacional de la Plata. Facultad de Bellas Artes",2019
43126,"Conjunto de apartatos para bar lácteo","Lamberti, Néstor",,"Proyecto de graduación.","Facultad de Bellas Artes. UNLP",1978
32694,"Consejo Municipal de Turismo","Copani, María Gabriela",,,,
43506,"Contribuciones a la enseñanza de la Plástica Visual en el nivel inicial :","Moller, Yesica V",,"Especialización en Lenguajes Artísticos.","Universidad Nacional de La Plata. Facultad de Bellas Artes",2018
43204,"Copas-vasos :","Bongiovanni, C",,"Proyecto de graduación.","Facultad de Bellas Artes. UNLP",1986
32689,"Corregidor Hotel. Identidad de empresas","Cobas, María Dolores",,,,
43102,"Creación de un sistema de marcas para empresas de transportes estatales","Vecchi, José Luis",,"Proyecto de graduación.","Facultad de Bellas Artes. UNLP",1981
32780,"Creación de una variedad de Citrus Reticulata (mandarina) :","Larsen, Gustavo Alfredo",,,,
32544,"Cuándo hay arte? :","Moyinedo, Sergio",,,,
43170,"Cubículo de dibujo","Vuoto, Luis",,"Proyecto de graduación.","Facultad de Bellas Artes. UNLP",1986
43182,Cubiertos,"Daiez, Fabián",,"Proyecto de graduación.","Facultad de Bellas Artes. UNLP",1987
32878,"Cuentos fantásticos","Ricetti, Adriana",,,,
43568,"Cuerpo de barro",,,"Licenciatura en Artes Plásticas .","Universidad Nacional de La Plata. Facultad de Artes",2022
43536,"Cumbia argentina: un análisis de las funciones rítmicas de la güira dominicana en el género en Buenos Aires de 2005 a 2015","Gómez Dip, Jonás",,"Licenciatura en Música (orientación Música Popular).","Universidad Nacional de La Plata. Facultad de Bellas Artes",2018
32658,"Davantage, empresa cosmetológica","Añamuro, María Virginia",,,,
39694,"De los realismos cinematográficos :","Bejarano Peterson, Camila",,,,
32716,"Del plano al relieve","Nuvoloso, Graciela Ernestina",,,,
32778,"Desarrollo de las formas vegetales","Corriente, Adriana Luisa",,,,
42555,"Descripción vehículo de emergencias especiales","Asato, Daniel",,"Proyecto de graduación.","Facultad de Bellas Artes. UNLP",1986
32723,"Diagramación y sistematización de una colección de libros. Leyendas argentinas. República de los Niños","Etchart, Marina Cecilia",,,,
41754,"Diálogos con la luz :","Jones, Carlos",,,,
32795,"Difusión de la República de los niños","López, Mario",,,,
43135,"Dirección de turismo y deportes, ciudad de Chascomús","Alí, Cecilia",,"Proyecto de graduación.","Facultad de Bellas Artes. UNLP",1991
32800,"Diseño de identidad de una línea de cosmética natural","Gutiérrez, Laura Beatríz",,,,
32980,"Diseño de imágen de empresa y aplicaciones de Cartonex S.A.","Osores, Octavio Darío",,,,
32722,"Diseño de revista","Fritzler, Marina I",,,,
32807,"Diseño de un diario para la ciudad de La Plata","Jalo, Patricia S",,,,
32886,"Diseño de un equipo de material didáctico; con aplicación de un código de signos gráficos para la enseñanza de disminuídos visuales","Perri, Carla M",,,,
32806,"Diseño de una campaña de relanzamiento de galletitas dulces para la empresa Pallasa y Cía.","Constantino, Flavia",,,,
32690,"Diseño editorial ; diseño de un diario  :","Zuppa, Omar",,,,
32890,"Diseño y diagramación de libros. República de los niños","Porta, Laura",,,,
43194,"Dormitorio infantil","Cédola, Marta Beatriz",,"Proyecto de graduación.","Facultad de Bellas Artes. UNLP",1981?
43203,"Drago :","Alcorta, Julio Roberto",,"Proyecto de graduación.","Facultad de Bellas Artes. UNLP",1977
32841,Editorial,"Gluzmann, Mariela",,,,
32613,"Editorial Colihue","Ayllon, Julieta",,,,
43136,"Editorial Manuel Kapleusz","Tellechea, Susana",,"Proyecto de graduación.","Facultad de Bellas Artes. UNLP",1991
32672,"Editorial Revista Barcos","Cadario, Juan Pablo",,,,
32928,"Educación vial para niños. Paneles educativos.","Silva, M",,,,
32657,"El arte cerámico en las culturas :","Ferro, Lía Stella Maris",,,,
32504,"El arte platense :","Altamirano, Ana María",,,,
32505,"El arte platense :","Tagliaferri de Faiella, Elida",,,,
32506,"El arte platense :","Quinciana Gustavino, María Mercedes",,,,
32643,"El buen vasco. Imágen institucional","Berman, Héctor M",,,,
41804,"El Candidato y la Vecindad :","Cicowiez, Mariano",,"Maestría en Estética y Teoría de las Artes.","Facultad de Bellas Artes. UNLP",2017
43093,"El coro de niños en concierto :","Guerrero, Valentina",,"Licenciatura en Música (orientación Dirección Coral).","Universidad Nacional de La Plata. Facultad de Bellas Artes",2015
32584,"El coro en la escuela secundaria","Duncan Bennett, Roberto Alphonso",,,,
43498,"El cuerpo de la danza clásica y los cuerpos de la danza contemporánea","Álvarez Jofre, Cecilia",,"Especialización en Danza (Línea de formación Análisis de la producción coreográfica).","Universidad Nacional de La Plata. Facultad de Bellas Artes",2016
32656,"El diseño en la Argentina","Amat, Mónica",,,,
43505,"El Dispositivo Cine Colombiano :","Rodríguez, Esteban Ángel",,"Doctorado en Artes.","Universidad Nacional de La Plata. Facultad de Bellas Artes",2019
32772,"El espacio","Elordi, Andrea Cecilia",,,,
32596,"El espacio de la plaza Moreno como espacio de encuentro de lo Divino y lo Humano","Bautista, Gustavo Javier",,,,
32837,"El Filete Porteño :","Guerrero, Verónica",,,,
32909,"El filete reconsiderado; Aerolineas Argentinas","Nadal, Patricio",,,,
42910,"El guión moderno, un juego de escritura audiovisualizante :","Moreno, Pablo Martín",,"Licenciado en Artes Audiovisuales (orientación Teoría y Crítica).","Universidad Nacional de La Plata. Facultad de Artes",2020
28362,"El Juego de manos como ejecución musical","Lucero, Mónica Graciela",,Maestría.,"Facultad de Bellas Artes. Unlp",2015
32628,"El ladrillo","Falcón Lima, Domingo",,,,
41752,"El lugar del público en las instalaciones interactivas y robóticas del arte electrónico en Buenos Aires","Miranda Povera, Harold",,,,
32673,"El mate en la platería argentina","Carri Saraví, Andrea",,,,
43518,"El movimiento corporal en la expresión de la música :","Epele, Juliette",,"Maestría en Psicología de la música.","Universidad Nacional de La Plata. Facultas de Bellas Artes",2019
32605,"El papel","Busana, Amanda B",,,,
42952,"El paraboide hiperbólico como motivo formal en la escultura","Martínez, Marisol",,"Licenciada en Artes Plásticas (orientación Escultura).","Universidad Nacional de La Plata. Facultad de Artes",2020
39470,"El Rol del Movimiento Corporal Manifiesto en Tareas de Lectura Cantada a Primera Vista","Pereira Ghiena, Alejandro",,Maestría.,"Facultad de Bellas Artes. UNLP",2014
31372,"El sistema nervioso central está alerta para gran orquesta","Dobrovsky, Ezequiel",,,,
30209,"El sujeto descentralizado en la obra de León de Greiff","Salamanca, Óscar",,"Magíster en Estética y Teoría de las Artes.","Facultad de Bellas Artes. UNLP",2013
32581,"El teatro de titeres y su musica en la Argentina","Vainer, Irene",,,,
32743,"El teatro japonés","Nowell, María del Carmen",,,,
32887,"El Tiempo de Azul","Pessina, Alejandro",,,,
32981,"El viejo teatro","Ortega, Adriana I",,,,
32649,"El Zoo de La Plata :","Alonso, Sandro Daniel",,,,
32597,"Emplazamiento de un monumento de estructura totemica (vertical) en la zona parquizada al frente del ex-comedor universitario de la Universidad Nacional de La Plata","González, Enrique Francisco",,,,
32881,"Empresa Condiar S.R.L. Packaging","Rossotti, Araceli E",,,,
43529,"En busca de la felicidad identitaria  :","Radice, Gustavo",,"Tesis de Doctoraro.","Universidad Nacional de La Plata. Facultad de Bellas Artes",2019
43538,"Ensayos curatoriales :","Trípodi, María Victoria",,"Tesis colectiva. Licenciatura en Historia del Arte (orientacion en Artes Visuales).","Universidad Nacional de La Plata. Facultad de Bellas Artes",2018
43166,"Equipamiento de playa","Lascano, Patricia Elet",,"Proyecto de graduación.","Facultad de Bellas Artes. UNLP",1980
43226,"Equipamiento para aulas de Jardín de Infantes","Horvat, Clara",,"Proyecto de graduación.","Facultad de Bellas Artes. UNLP",1981
43228,"Equipamiento para habitat universitario :","Inda, Guillermo Roberto",,"Proyecto de graduación.","Facultad de Bellas Artes. UNLP",1980
32864,"Equipamiento para indumentaria y artículos deportivos","Garuti, María",,,,
43153,"Equipamiento para Jardín de Infantes","Dagfal, Dardo M",,"Proyecto de graduación.","Facultad de Bellas Artes. UNLP",1986
43195,"Equipamiento para laboratorio de idiomas","García, Viviana Roxana",,"Proyecto de graduación.","Facultad de Bellas Artes. UNLP",1985
43249,"Equipamiento para locales de indumentaria femenina :","Alfano, Marina",,"Proyecto de graduación.","Facultad de Bellas Artes. UNLP",1989
43237,"Equipamiento para pequeños aeropuertos","Rabbione, Juan Ernesto",,"Proyecto de graduación.","Facultad de Bellas Artes. UNLP",1980
43244,"Equipamiento para plazas de pueblo con juegos para niños","Kuszek, Elisabet",,"Proyecto de graduación.","Facultad de Bellas Artes. UNLP",1983
43205,"Equipamiento para sala de Jardín de Infantes :","Bianchi, Walter",,"Proyecto de graduación.","Facultad de Bellas Artes. UNLP",1985
43250,"Equipamiento para tienda de modas","Campbell, Lorna",,"Proyecto de graduación.","Facultad de Bellas Artes. UNLP",1986
43174,"Equipamiento sanitario","Virnik, Magdalena Ana",,"Proyecto de graduación.","Facultad de Bellas Artes. UNLP",1979
43248,"Equipamiento urbano","Edelstein, Alberto Guillermo",,"Proyecto de graduación.","Facultad de Bellas Artes. UNLP",1979
43127,"Equipamientos para oficinas publicas de Entel :","Wagner, Elena Luisa",,"Proyecto de graduación.","Facultad de Bellas Artes. UNLP",1984
43183,"Equipo odontológico","Zubik, Daniel",,"Proyecto de graduación.","Facultad de Bellas Artes. UNLP",1989
43128,"Equipo para perforaciones","Heras, Pablo H",,"Proyecto de graduación.","Facultad de Bellas Artes. UNLP",1986
43224,"Escalera para el hogar","Llanos, Raquel Edith",,"Proyecto de graduación.","Facultad de Bellas Artes. UNLP",1988
31365,"Escenas en lo oscuro :","Mejía Burgos, Balbina",,,,
43528,"Escenas sonoras :","Mansilla Pons, Ramiro",,"Tesis de Doctorado en Artes.","Universidad Nacional de La Plata. Facultad de Bellas Artes",2019
32728,"Escenografía y vestuario para el guión cinematográfico Severino di Giovanni o El fin de una utopía.","Pernía, Patricia",,,,
32933,"Escuela de Administración pública bonaerense. Imágen institucional","Supera, Adrián Alejandro",,,,
32840,"Escuela de Teatro La Plata","Moretti, Gustavo",,,,
43210,"Escuela móvil :","Ashifu, María Susana",,"Proyecto de graduación.","Facultad de Bellas Artes. UNLP",1987
32632,Esmaltes,"Ansaldi, María Celeste",,,,
32594,"Espacio-tiempo plástico, espacio, tiempo sonoro","Fichtenbaum, Marina",,,,
32563,"Espectro plástico del arte ritual Chiriguano-Chané","Izaguirre, Magali",,,,
43261,"Estación de servicio","Garber, Ricardo César",,"Proyecto de graduación.","Facultad de Bellas Artes. UNLP",1979
43115,"Estado actual de la Educación Musical en nuestro país :","Costa, Inés",,"Trabajo final para la carrera de Educación Musical.","Facultad de Bellas Artes. UNLP",1984
41167,"Estética urbana :","Mariñelarena, Patricia Inés María",,,,
39697,"Estética y Bioarte :","Matewecki, Natalia",,,,
39343,"Estética y tecnología del paisaje interior doméstico moderno :","Anderson, Ibar Federico",,"Maestría en Estética y Teoría del Arte.","Universidad Nacional de La Plata. Facultad de Bellas Artes",2008
32502,"Estudios de los peristilos griegos y realcionarlos con el pórtico del Museo de Ciencias Naturales","Almada, Petrona",,,,
32609,"Eventos populares y turísticos en Villa Gessel","Bachmann, Adrian",,,,
32585,"Experiencia de iniciación al canto coral a dos voces con niños en edad escolar","Gorostidi, Susana",,,,
32929,"Facultad de Ciencias Médicas de la ciudad de La Plata. Problema de comunicación","Talio, Gabriela",,,,
43159,"Familia de aspiradoras","Capeletti, Daniel",,"Proyecto de graduación.","Facultad de Bellas Artes. UNLP",1978/79
43118,"Familia de calefactores a leña, carbón y/o residuos","Tetamanti, Eduardo",,"Proyecto de graduación.","Facultad de Bellas Artes. UNLP",1984
28364,"Familiaridad en Melodías, un estudio introductorio a la Memoria Musical basándose en la medición del Potencial Evocado N400","Quintero-Rincón, Antonio",,Maestría.,"Facultad de Bellas Artes. Unlp",2015
43532,Fantasmal,"Rubino Lindner, Pablo Sebastian",,"Tesis de Linenciatura en Música (Orientación en Composición).","Universidad Nacional de La Plata. Facultad de Bellas Artes",2016-2017
32616,"Federación Patronal :","Arias, Mariano",,,,
32950,"Fernando Tenorio. Identidad de empresa","Tapia, Ivana",,,,
32790,"Ferrari Hnos. Arboricultores :","Langone, Guillermo O",,,,
39659,"Figuras de lo invisible :","Palazzo, Franco",,,,
32773,"Folklore y educación musical","Cavalieri, Mabel",,,,
32601,"Forma escultórica a emplazarse en los jardines de la Dirección de Vialidad de la provincia de Buenos Aires","Crespi López, Albertina",,,,
32567,"Formación musical del maestro de grado","Jorajuría, Ana",,,,
32777,"Formas de crecimiento espacial","Estevez, María Teresa",,,,
32598,"Formas en el espacio; relieve de bulto, partiendo del plano de la pared","Migo, Eduardo José",,,,
32617,"Fuerte de la Ensenada de Barragán. Museo histórico.","Arenas, Darío Ramón",,,,
32503,"Función del arte y de la crítica en el proceso de liberación nacional","Zuppa, Graciela",,,,
32654,"Fundación Amigos de la Facultad de Arquitectura y Urbanismo","Adyude, Raúl Eduardo",,,,
32977,"Gabinete calefactor a gas","Pesce, Adriana",,,,
32562,"Gabinete de física del Colegio Nacional","Gómez, María Josefa",,,,
32809,"Generación de la imagen del Correo de la República de los Niños y sus posibles aplicaciones","Gentile, Celeste Corina",,,,
43519,"Genesis y actualidad de la escena tecnológica de Buenos Aires (1996-2016)  :","Ceriani, Alejandra",,"Doctorado en Artes.","Universidad Nacional de La Plata. Facultad de Bellas Artes",2017
32767,"Geometría sensible","Mazza, Cecilia",,,,
41750,"Gestos en la dirección : Comunicación de significados musicales corporeizados/","Damesón, Javier A.",,"Tesis de Maestría en Psicología de la Música.","Universidad Nacional de La Plata. Facultad de Bellas Artes",2018
43113,"Gimnasio de rehabilitación :","Ibarguren, José María",,"Proyecto de graduación.","Facultad de Bellas Artes. UNLP",1988
43151,"Gimnasio terapéutico","Fernández, Pablo",,"Proyecto de graduación.","Facultad de Bellas Artes. UNLP",1983
32548,"Ginastera :","Spoturno, Rodolfo Germán Gabriel",,,,
32805,"Gráfica arquitectónica. Centro Gubernamental Administrativo.  :","Lacolla, Gabriel O",,,,
32895,"Gráfica de identidad del Teatro Argentino","Ramacciotti, Beatríz",,"Proyecto de graduación.","Facultad de Bellas Artes. UNLP",1989
43101,"Gráfica de identificación de instituciones y empresa para el Museo Histórico de las Campañas del Desierto Gral. Conrado E. Villegas de la ciudad de Trenque Lauquen provincia de Buenos Aires","Rubio, Ana María",,"Proyecto de graduación.","Faculta de Bellas Artes. UNLP",1989
32607,"Gráfica de identificación y señalización del Parque Costero del Sur","Aloi, Fabia Andrea",,,,
32667,"Gráfica de productos. Zanella :","Casellas, Fabián Francisco",,,,
32498,"Grupo Nueva Figuración","Mac Donnell, Elizabeth",,,,
43520,"Habitaciones. Cartografías íntimas en el espacio público","Gonález Méndez, Viviana Andrea",,"Magister en Estética y Teoría del Arte.","Universidad Nacional de La Plata. Facultad de Bellas Artes",2011
43501,"Hacia el Jardín de la Tierra sin Mal. La pasionaria o Mburucuyá :","Schoenemann, María de las Mercedes",,"Doctorado en Artes Latinoamericano Contemporáneo.","Universidad Nacional de La Plata. Facultad de Bellas Artes",2019
43535,"Hacia la emancipación del oyente :","Chatelet, Gastón",,"Licenciatura en Música (orientación en Música Popular).","Universidad Nacional de La Plata. Facultad de Bellas Artes",2018
32779,"Hacia una búsqueda de movimiento óptico","Bradanini, Marta",,,,
29957,"Haciendo visible lo invisible :","Quiroga, Jorgelina",,,,
43547,"Herbst in der Fremde","Poulsen, Victor Hugo",,"Trabajo Final de Composición .","Universidad Nacional de La Plata. Facultad de Bellas Artes",2016
42645,"Herramientas de taller :","Anguio, María Bibiana",,"Doctorado en Artes. Línea de formación en Arte Contemporáneo Latinoamericano.","Facultad de Bellas Artes. UNLP",2015
32580,Himnos,"Miller, Diego F",,,,
32784,"Hombre y multitud :","Frei, Lila María",,,,
43508,"Horizontes disciplinares del Diseño Industrial :","Sierra, María Sol",,"Tesis de Doctorado en Artes.","Universidad Nacional de La Plata. Facultad de Bellas Artes",2018
32825,"Hospital Garré","González, Gabriela",,,,
32880,"Hospital general de agudos General San Martín Sector edificio central","Rojas, Sergio Eduardo",,,,
32842,"Hotel Costa Galana","Morcillo, María Mónica",,,,
43526,"Hybris Lenguas","Graciani, Juan Ignacio",,"Especialización en Lenguajes Artísticos (Orientación Lenguaje Visual).","Universidad Nacional de La Plata. Facultad de Artes",2019
32832,"Identidad corporativa de la empresa Cosmetica Biológica de productos cosméticos","Matsuda, Silvia B",,,,
32684,"Identidad de empesa. Manipul","De Luca, Alejandra",,,,
43256,"Identidad de empresa :","Sosa, María Isabel",,"Proyecto de graduación.","Facultad de Bellas Artes. UNLP",1991
32664,"Identidad de empresa Med-Vet","Colussi, Alicia",,,,
43217,"Identidad de empresa Nínive s.a.c.i.f.i.a. :","Astudillo, María Alejandra",,"Proyecto de graduación.","Facultad de Bellas Artes. UNLP",1991
32865,"Identidad de empresa: conjunto de rock and roll. Viejos, sucios y feos","Rodríguez, Esther Alcira",,,,
32883,"Identidad de empresa. Gráfica de productos","Rennis, María Paula",,,,
32620,"Identidad de la empresa LA 98 LP-radio FM.","Anuchnik, Norberto C",,,,
32952,"Identidad de la empresa Master Productos","Tri, Carol",,"Proyecto de graduación.","Facultad de Bellas Artes. UNLP",1990?
32727,"Identidad de la Fiesta de la cerveza en Villa Gesell","Ezpeleta, Gabriela",,,,
32707,"Identidad del CIOP","Macluf, Isabel",,,,
32648,"Identidad del Municipio de Benito Juárez","Aramburu, Luz María",,,,
32816,"Identidad del Parque Nacional Tierra del Fuego","Kim, Ji Yeon",,,,
32721,"Identidad del programa limpiamente","Fernández, Claudia Alejandra",,,,
32893,"Identidad institucional. El Fuerte. Paddle Tennis","Quintero, Silvana Esther",,,,
32978,"Identidad para el III Congreso de Infectología pediátrica","Rivera, Marina",,,,
32884,"Identidad visual de empresa y de producto para una empresa frutivinícola","Pinto Aparicio, Bettina A",,,,
32896,"Identidad visual de L.A.C.A. Laboratorio de cosmética avanzada","Nugent Rincón, Mercedes",,,,
43133,"Identidad visual de la Asociación de Productores Hortícolas de La Plata","Aguilera, Oscar R",,"Proyecto de graduación.","Facultad de Bellas Artes. UNLP",1989
32920,"Identidad visual de la Subsecretaría de cultura de la Provincia de La Pampa","Sacco, Laura",,,,
32796,"Identidad visual de Teatro Coliseo Podestá","López, Mariana",,,,
32899,"Identidad visual del Museo de Ciencias Naturales","Binda, Analía Noemí",,,,
32828,"Identidad visual LADE, Líneas Aéreas del Estado","Gottelli, María Carina",,,,
32653,"Identidad visual para la dirección de transporte de la Municipalidad de La Plata :","Alfonsín, Ana",,,,
32839,"Identidad Visual y Difusión de las Delegaciones Municipales. La Plata","Guerrini, Sebastián",,,,
32697,"Identidad y Promoción Turística para la ciudad de La Plata","Giamello, Roxana D",,,,
32706,"Identidad, promoción y señalización de Mar Azul","La Macchia, Patricia",,,,
32693,"Identidad: Mercado artesanal de Río Negro","Cornejo, Daniel",,,,
32681,"Identificación de ómnibus comunales e intercomunales que circulan en el partido de La Plata y partidos vecinos, y señalización de sus recorridos","Darbón, Patricia S",,,,
32831,"Identificación visual del Canal 11 LU87","Martínez, Luis E",,,,
32745,"Iluminación escénica","Cornide, José María",,,,
32781,"Ilustración de un cuento de Gabriel García Márquez :","Grillo, Graciela Mabel",,,,
32823,"Imagen de empresa :","González Romero, Nora",,,,
32680,"Imagen de empresa de Molino Campodónico","Colicigno, Filils Albertina",,,,
32915,"Imagen de empresa Petroquímica Maleic s.a.","Oldrino, Alejandra Isabel",,,,
32640,"Imagen de Empresa Tiván S.A.","Bianchi, Luisa Luján",,,,
32913,"Imagen de empresa: Vildex","Neira, E",,,,
32637,"Imagen de empresa: Zanella Hnos. y Cía.","Brizuela, Mario Alberto",,,,
32682,"Imagen de empresa. Dirección de la Energía de la provincia de Buenos Aires","Chertudi, Sandra",,,,
32918,"Imágen de empresa. Video Cable Hogar de la ciudad de Lincoln Bs. As.","Sago, Adriana A",,"Proyecto de graduación.","Facultad de Bellas Artes. UNLP",1991
32905,"Imagen de la Repetidora Canal 11 de la Municipalidad de Benito Juárez","Peirano, María Silvia",,,,
43259,"Imagen institucional :","Grisolía, Carlos",,"Proyecto de graduación.","Facultad de Bellas Artes. UNLP",1989
32606,"Imagen institucional del Departamento de Capacitación y promoción laboral","Alvarez, Paula",,,,
32794,"Imagen Institucional. Club de Regatas La Plata","Locatelli, Laura",,,,
32910,"Imagen visual de Aerolíneas Argentinas","Naranja, Julio César",,,,
32793,"Imagen visual Pluspetrol","López, Silvia",,,,
43105,"Imagen y señalización del Hospital Español","Rodríguez, Graciela Edith",,"Proyecto de graduación.","Faculta de Bellas Artes. UNLP",1983
39698,"Imágenes sucesos repetibles y con prisa :","Grieco, Mabel Magdalena",,,,
43511,"Implicancias sentipensantes de las narraciones en juego","Osorio Salinas, Ramiro",,"Maestría en Estética y Teoría de las Artes.","Universidad Nacional de La Plata. Facultad de Bellas Artes",2017
43507,"Incremento de la calidad sonora en salas para música a partir de la configuracióndel campo acústico temprano","Basso, Gustavo Jorge",,"Doctorado en Arte.","Universidad Nacional de La Plata. Facultad de Bellas Artes",2017
43214,"Incubadora de premanturos","Chacón, Carlos Alberto",,"Proyecto de graduación.","Facultad de Bellas Artes. UNLP",1980
32647,"Indagación teórica y práctica para la determinación de la ornamentación cerámica de la Capilla de San Mateo","Regalado, Sofía Susana",,,,
32692,"Industria metalúrgica Batisiti Hnos. S.A.C.I.F.I.  :","Curubeto, Sergio Rodolfo",,,,
32701,"Informe de trabajo de tesis","Cohen, José Ricardo",,,,
32771,"Informe sobre trabajo final","Gray, Virginia",,,,
32583,"Iniciación musical del niño a través del piano","Minoglio, Marta Beatríz",,,,
43459,"Inmiscible para orquesta","Ramírez Molina, Julián",,"Trabajo Final de Licenciatura en Música (Orientación en Composición).","Universidad Nacional de La Plata. Facultas de Bellas Artes",2018
32882,"Instituto Médico Platense","Rosato, Juliana",,,,
32827,"Instituto Nacional de Tecnología Agropecuaria :","González, Amanda",,,,
32949,"Instituto Olazábal. Ortopedia y Traumatología","Talento Amato, Julieta",,,,
32835,"Instrumentación y aplicación audiovisual, packaging, afiches y folletos","Maciel, María Guillermina",,,,
32930,"Instrumentación y aplicción, audiovisual, packaging, afiches, folletos y papelería","Stiberman, Silvia",,,,
32769,"Intento de rearticulación del código visual figurativo a partir de una especial interrelación plástica por contraste de opuesto","Ibarra, Raúl A",,,,
43109,"Interiores de muebles de cocina","Iacono, Claudio",,"Proyecto de graduación.","Facultad de Bellas Artes. UNLP",1988
43165,"Interiores de placards","Llanos, Raquel Edith",,"Proyecto de graduación.","Facultad de Bellas Artes. UNLP",1988
32663,"Intex Trading S.A. :","Capullro, Clarisa",,,,
43496,"Introducción a la clave tonal baja para fotografía digital acromática :","Ercolalo, Ricardo J. A",,"Especialista en Lenguajes Artísticos.","Universidad Nacional de La Plata. Facultad de Bellas Artes",2018
32552,"Inventario, catalogación y estudio diagnóstico :","Ferreyra Ortiz, Luis Manuel",,,,
32569,"Investigación y experiencias de mi actividad docente sobre el desarrollo de la educación musical e iniciación con flauta dulce","Briff, Gabriel Roberto",,,,
32774,"Investigaciones sobre la naturaleza muerta","Añón Suárez, Daniel Honorio",,,,
32838,"Jardín Botánico Municipal :","Guicciardini, Angela",,,,
32897,"Jardín de la paz. Paseo del Bosque","Oñativa, Eugenia",,,,
32834,"Jazz; historia y presencia","Maidana, Paula",,,,
43130,"Juego para jardín de infantes :","Tauil, Ricardo G",,"Proyecto de graduación.","Facultad de Bellas Artes. UNLP",1985
32651,"Juegos barriales  :","Arismendi, Julio",,,,
43553,"Junio, julio y Alfredo","Corthey, Francisco",,"Licenciatura en Música (orientación en Composición).","Universidad Nacional de La Plata. Facultad de Bellas Artes",[s.f.]
43148,"Kiosco para Parque Palermo","Barbato, Mónica",,"Proyecto de graduación.","Facultad de Bellas Artes. UNLP",1986
41812,"La acéntica :","Siminovich, Gustavo",,"Doctorado en Artes.","Universidad Nacional de La Plata. Facultad de Bellas Artes",2017
43544,"La ansiedad por Perfomance Musical como emergente de las modalidades de intervención docente durante la clase de instrumento","Conti, Gabriela",,"Tesis de Maestría.","Universidad Nacional de La Plata. Facultad de Bellas Artes",2018
32513,"La arquitectura religiosa en Buenos Aires durante el período hispánico a través de tres edificios :","Di Maria, Graciela Alicia",,,,
41807,"La bandola en el trío de cuerdas andino colombiano :","Balcázar, Carlos Eduardo",,"Maestría en Psicología de la Música.","Facultad de Bellas Artes. UNLP",2017
44432,"La Belle Époque Argentina. Arte, arquitectura doméstica y diseño de muebles aplicados a la decoración de interiores burguesas (1860-1936)","Anderson, Ibar Federico",,"Doctorado en Arte Contemporaneo Latinoamericano.","Universidad Nacional de La Plata. Facultad de Bellas Artes",2013
32638,"La caja de previsión social para abogados de la Provincia de Buenos Aires","Bruno, Silvia",,,,
43334,"La canción :","Nadal Testa, Javier",,"Licenciatura en Música (orientación: Música Popular.","Universidad Nacional de La Plata. Facultad de Bellas Artes",[201?]
32591,"La canción alemana desde los minnesingers hasta Schubert y Schumann","Duncan Bennett, Roberto Alphonso",,,,
32499,"La caza y la muerte del animal en relieves y pinturas de la antigüedad","Sánchez, María Elisabet",,,,
32631,"La cerámica como método para la formación del niño en la edad escolar","Broilo, Mónica Virginia Moncerrate Fátima Ursula",,,,
39456,"La comprensión de la estructura musical :","Ortega, Gabriela Alicia",,Maestría.,"Facultad de Bellas Artes. UNLP",2014
41811,"La comunicación intersubjetiva en la práctica del coro :","Ordás, Manuel Alejandro",,"Doctorado en Artes.","Facultad de Bellas Artes. UNLP",2016
32652,"La comunicación visual de las vitrinas del área de paleontología del Museo de Ciencias Naturales de La Plata","Allende, María Guillermina",,,,
39971,"La condición romántica del siglo XIX Europa y América :","Guzman, Gerardo",,,,
32541,"La conservación patrimonial y la resignificación de la práctica disciplinar artística a través de la elaboración del registro sensible","Báez, Ana Lía",,,,
32491,"La construcción de una nación pintoresca :","Ríos, Claudia Patricia",,,,
32542,"La Cultura Visual en el Río de La Plata 1834-1852 :","Fukelman, María Cristina",,,,
41207,"La danza desde una perspectiva perfomática. Análisis de dos casos :","Montequin, Diana",,"Especialización en Danza.","Facultad de Bellas Artes. UNLP",2015
44148,"La década del sesenta :","Pérez Pesado, María Mercedes",,,,
44149,"La década del sesenta :","Pérez Pesado, María Mercedes",,,,
44150,"La década del sesenta :","Pérez Pesado, María Mercedes",,,,
43523,"La deserción educativa en los institutos de música terciarios :","Lafleur, Julieta",,"Especialización en Lenguajes Artísticos.","Universidad Nacional de La Plata. Facultad de Artes",2020
32755,"La educación artística :","Gago, Lorena Noemí",,,,
43512,"La enseñanza de la imagen en secundaria superior de artes visuales :","Castellani, Adrián",,"Especialización en Lenguajes Artísticos.","Uniersidad Nacional de La Plata. Facultad de Artes",2019
32750,"La escenografía y el absurdo","Báez, Ana Lía",,,,
44530,"La escritura sobre arte en argentina en los años sesenta. La crisis de las referencias extranjeras y la expansión de la perspectiva latinoamericana = La littérature sur l'art en argentine pendant les années soixante. La crise des références étrangères et l'extension de la perspective latino-américaine","Gustavino, Berenice",,"Doctorado en Artes.","Facultad de Bellas Artes. UNLP/ École doctorale Arts, Lettres, Langues",2014
44531,"La escritura sobre arte en argentina en los años sesenta. La crisis de las referencias extranjeras y la expansión de la perspectiva latinoamericana = La littérature sur l'art en argentine pendant les années soixante. La crise des références étrangères et l'extension de la perspective latino-américaine","Gustavino, Berenice",,"Doctorado en Artes.","Facultad de Bellas Artes. UNLP",2014
44532,"La escritura sobre arte en argentina en los años sesenta. La crisis de las referencias extranjeras y la expansión de la perspectiva latinoamericana = La littérature sur l'art en argentine pendant les années soixante. La crise des références étrangères et l'extension de la perspective latino-américaine","Gustavino, Berenice",,"Doctorado en Artes.","Facultad de Bellas Artes. UNLP",2014
28357,"La experiencia narrativa y la comprensión metafórica del tiempo musical","Jacquier, María de la Paz",,Posgrado.,"Facultad de Bellas Artes. Unlp",2011
32587,"La expresión corporal en el jardín de infantes","Casper, Graciela",,,,
32765,"La figura humana","Bianconi, Silvia",,,,
29956,"La Figuración en el Arte Argentino Contemporáneo :","Rueda, María de los Angeles de",,"Magister en Estética y Teoría de las Artes.","Universidad Nacional de La Plata. Facultad de Artes",2000
32564,"La flauta dulce y sus lenguajes musicales","Persico, Gabriel",,,,
32494,"La forma orgánica y la forma geométrica. El color","Caporale, María Rosa",,,,
32650,"La geología física en la cerámica","Franchimont, Carlos A",,,,
32804,"La granja de los niños","Battista, Roxana",,,,
43098,"La guitarra en el siglo XX :","Rodríguez, Nicolás Ezequiel",,"Licenciatura en Música (orientación Guitarra).","Universidad Nacional de La Plata. Facultad de Bellas Artes",2018
43548,"La guitarra en la música latinoamericana :","Dávila Feinstein, Julieta",,"Licenciatura en Música (orientación Guitarra).","Universidad Nacional de La Plata. Facultad de Bellas Artes",2015
32698,"La imagen mural :","Ramírez, Susana Alicia",,,,
32500,"La importancia de la creatividad en el arte y la educación","Branda, María Jorgelina",,,,
32586,"La improvisación como actividad básica del niño en la educación musical","Venerandi de Mendoza Pinto, Elsa M",,,,
32547,"La inespecificidad del artista :","Koldobsky, Daniela",,"Magister en Estética y Teoría de las artes.","Facultad de Bellas Artes. UNLP",2009
42780,"La inscripción del yo y la (auto)puesta en escena en Diario de David Perlov","Khourian, Hernán",,"Tesis de doctorado.","Universidad Nacional de La PLata. Facultad de Artes",2020
42786,"La inscripción del yo y la (auto)puesta en escena en Diario de David Perlov","Khourian, Hernán",,"Doctorado en Artes. .","Universidad Nacional de La Plata. Facultad de Artes  ",2019
32770,"La integración de las líneas y de los planos configurados en un espacio pictórico","Guindani de Rugani, Gloria Fausta",,,,
43522,"La integración de las TIC enriquecen las prácticas pedagógicas en el Conservatorio ""Juan Carlos Paz""","Figueredo, Marina Luján",,"Especialización en Lenguajes Artísticos.","Universidad Nacional de La Plata. Facultad de Bellas Artes",2017
43052,"La liberación del bajo cubano :","Scattini, Tomás",,"Licenciatura en Música (orientación Música Popular).","Universidad Nacional de La Plata. Facultad de Bellas Artes",2017
42934,"La memoria de los materiales :","Librandi, Nancy Beatriz",,"Doctorado en Artes.","Universidad Nacional de La Plata. Facultas de Artes",2020
32568,"La obra pianística de Alberto Williams :","Sáenz, Juan Bautista",,,,
32775,"La pintura moderna de los Estados Unidos","Maylin Biron, Alejandro",,,,
42783,"La pronunciación como variable expresiva en el canto en español :","Guzmán, Mariano Nicolás",,"Licenciado en Música (orientación Dirección Coral).","Universidad Nacional de La Plata. Facultad de Artes",2018
39417,"La representación de la altura musical en la notación :","Herrera, Romina",,Maestría.,"Faculta de Bellas Artes. UNLP",2014
42840,"La República de los Niños :","Carrascosa, Nuria",,"Licenciado en Comunicación Audiovisual (orientación en Realización de Cine, TV y Video).","Universidad Nacional de La Plata. Facultad de Artes",2019
43546,"La resistencia de la música coral índigena en Ecuador :","Mosquera Recalde, Fernando Gabriel",,"Linciatura en Música (orientación en Dirección Coral).","Universidad Nacional de La Plata. Facultad de Bellas Artes",2016
32537,"La serigrafía artística :","Di Bitetti, Marta",,,,
32588,"La serva padrona","Picone, Eduviges",,,,
32495,"La simetría en Escher","Court, Estela M",,,,
32766,"La utilización de fondos sugerentes como factor generador de imágenes en la pintura","Motti, Guillermo Félix",,,,
32898,"Laboratorio de electrónica Renca","Paus, Ana María",,,,
43160,"Laboratorio fotográfico portable :","Bórquez, Eduardo Luis",,"Proyecto de graduación.","Facultad de Bellas Artes. UNLP",1985?
43176,"Lancha para transporte de pasajeros :","Veliscek, Sergio O",,"Proyecto de graduación.","Facultad de Bellas Artes. UNLP",1983
43191,"Lancha sanitaria","Dunogent, Ricardo",,"Proyecto de graduación.","Facultad de Bellas Artes. UNLP",1985
32892,"Lanzamiento del Champaña Navarro Correas","Pérez Dimitroff, Mariel C",,,,
30877,"Las bases psicológicas de la interpretación en el canto  Les fondements psychologiques des adresses expressives du chanteur","Mauleón, Claudia",,,,
30937,"Las bicicletas de Fernando Traverso, entre lo político y la poética","Esquivel, Carlos Alcibíades",,,,
32792,"Las cartas de Propp (Material didáctico para la enseñanza de la lengua)","Lizarriturri, Ivanna",,,,
32926,"Las Crackers de Managua. Sistema de identificación visual para el lanzamiento de una línea de productos.  :","Soca, Ana Inés",,,,
32776,"Las luces y las tensiones en la no figuración","Junyent, Myrna Gloria",,,,
40150,"Lectura pianística :","Tuñez, Miriam",,"Magister en Tecnología Informática Aplicada en Educación.","Facultad de Informática. UNLP",2015
32608,"Legislatura :","Rodríguez, Aurelia Elena",,"Trabajo final.","Escuela Superior de Bellas Artes. Escuela de dibujo",1956
31556,Legüero,"Paéz, Christian",,,,
31371,Lentejuelas,"Farabello, María Laura",,,,
32955,"Lepra :","Weissberg, María Elena",,,,
32818,"Libro de lectura para segundo grado de la primaria","La Placa Haus, Giannina",,,,
43142,"Línea de balanzas :","Delucchi, Nelly Silvia",,"Proyecto de graduación.","Facultad de Bellas Artes. UNLP",1979
43242,"Línea de barredoras :",,,"Proyecto de graduación.","Facultad de Bellas Artes. UNLP",1985
32912,"Línea de indumentaria informal","Negrelli, Daniel Osvaldo",,,,
32700,"Lo enigmático, lo fantástico, lo inesperado","Scafati, Domingo César",,,,
32768,"Lo esencial óptico de la imagen","González, Mirta Ester",,,,
43385,"Lo inasible :","Cuevas, Rosalba Inés",,"Licenciatura en Artes Plásticas (Orientación a Pintura).","Universidad Nacional de La Plata. Facultad de Bellas Artes",[s.f.]
39695,"Lo siniestro en la obra del diseñador inglés Alexander McQueen","Rivera Gómez, Elizabeth",,,,
31082,"Los insectos en la religión","Espósito, Carlos Alberto",,,,
36058,"Los referentes pictóricos y la puesta en escena del imaginario cultural en cine iberoamericano moderno y contemporáneo","Satarain, Mónica Lilian",,,,
32744,"Los títeres","De Santis, Noemí",,,,
32754,"Los vínculos en el Taller :","Anguio, María Bibiana",,,,
32540,"Luis Tessandori :","Sánchez Pórfido, Elisabet",,,,
32748,Macbeth,"Dauguet, Héctor",,,,
32813,"Manual de identidad corporativa para la Comedia de la Provincia","Jastrzebski, Patricia",,,,
32922,"Manual de identidad institucional. Municipalidad de Quilmes","Sauce, Alberto",,,,
32635,"Manual de identidad visual corporativa para Parque Caviahue S.A.","Brusa, Cecilia",,,,
32836,"Manual de normas visuales","Gutiérrez, Nicolás",,,,
43227,"Máquina cortadora de césped :","Martínez Conte, Domingo",,"Proyecto de graduación.","Facultad de Bellas Artes. UNLP",1987
43150,"Máquina de coser portátil :","Ciera, Jorge Omar",,"Proyecto de graduación.","Facultad de Bellas Artes. UNLP",1979
43129,"Máquina múltiple de carpintería","Simonetti, Eduardo A",,"Proyecto de graduación.","Facultad de Bellas Artes. UNLP",1985
32821,"Material didáctico para la escuela nº 509 (Hospital de niños)","Meneses, Marcela",,,,
32603,"Material didáctico para niños con dificultades en el aprendizaje de la lectoescritura","Burgos, Alejandra",,,,
32826,"Material didáctico sobre educación sexual para niños de 4 a 10 años","Luján, Sandra",,,,
43110,Menaje,"Gadler, Silvio Víctor José",,"Proyecto de graduación.","Facultad de Bellas Artes. UNLP",1984
32619,"Mercado regional La Plata","Arce, María Alejandra",,,,
43155,"Mesa y asiento para dactilógrafo :","Galán, María Beatriz",,"Proyecto de graduación.","Facultad de Bellas Artes. UNLP",1980
39570,"Metáforas sonoras en la obra Pierrot Lunaire de Arnold Schönberg","Pance, Alejandro Gabriel",,"Licenciatura en Música (orientación Dirección Orquestal).","Universidad Nacional de La Plata. Facultad de Bellas Artes",[201?]
32811,"Método gráfico de enseñanza","Innaro, María Luján",,,,
32724,"Método gráfico para lecto-escritura","Echeverría, María Virginia",,,,
43541,"Mi alma no la atraparás","Burgos, Mariano Leonel",,"Linceciatura en Comunicación Audiovisual (orientación en Realización de Cine, Video y TV).","Universidad Nacional de La Plata. Facultad de Bellas Artes",2017
32833,"Micros de La Plata","Manzo, Gustavo del",,,,
43533,"Miércoles en Macondo. Basada en La Hojarasca de G. García Márquez","Isgro, Juan Ignacio",,"Tabajo Final de Licenciatura en Música (Orientación en Composición).","Universidad Nacional de La Plata. Facultad de Bellas Artes",2014
43316,"Mies van der Rohe, pabellón alemán :","Martín Boden, María A",,"Trabajo final.","Escuela Superior de Bellas Artes",1959
32565,"Miram hace música  :",,,,,
43167,"Mobiliario de cocina","Jure, Carlos Alberto",,"Proyecto de graduación.","Facultad de Bellas Artes. UNLP",1987
43238,"Mobiliario para jardín de infantes","Ortega, Patricia",,"Proyecto de graduación.","Facultad de Bellas Artes. UNLP",1986
32696,"Modificaciones de la figuración en la composición mural como consecuencia de las técnicas utilizadas","Terzaghi, María Cristina",,,,
43524,"Monotopos: teoría tradicional y eurocentrismo en la formación profesional del guitarrista académico :","Pappadopoulos, Jorge Daniel",,"Tesis doctoral.","Universidad Nacional de La Plata. Facultad de Bellas Artes",2017
43187,"Moto múltiple agrícola","García, Mario R",,"Proyecto de graduación.","Facultad de Bellas Artes. UNLP",1975
43251,"Motocicleta :","Lasalde, Héctor Luis",,"Proyecto de graduación.","Facultad de Bellas Artes. UNLP",1989
44692,"Motocicletas de carga","Pose, Eduardo Alejandro",,"Proyecto de graduación.","Facultad de Bellas Artes. UNLP",1977
44693,"Motocicletas de carga","Pose, Eduardo Alejandro",,"Proyecto de graduación.","Facultad de Bellas Artes. UNLP",1977
43230,"Movícola. Unidad móvil de mantenimiento avícola :","Malano, Hugo A",,"Proyecto de graduación.","Facultad de Bellas Artes. UNLP",1982
43215,"Móvil acuático y recreativo","Brunengo, José Antonio",,"Proyecto de graduación.","Facultad de Bellas Artes. UNLP",1988
43125,"Móvil naútico para recreación","Kofman, Alicia Gladys",,"Proyecto de graduación.","Facultad de Bellas Artes. UNLP",1988
43107,"Móvil para vivir de viaje","Ortega, Claudia I",,"Proyecto de graduación.","Facultad de Bellas Artes. UNLP",1982
32644,"Mujeres argentinas","Melo, María Florencia",,,,
32501,"Municipal de La Plata","Bazán, María del Carmen",,,,
32808,"Municipalidad de Santa Rosa, La Pampa :","Garfinkel, Claudio",,,,
43116,"Museo de Ciencias Naturales de La Plata","Games Montesinos, Marta",,"Trabajo final.","Escuela Superior de Bellas Artes. UNLP",1958
32803,"Museo Dr. Emilio Azzarini :","García Ceppi, María Alejandra",,,,
32611,"Museo municipal de Bellas Artes","Battista, Adriana",,,,
32659,"Museo Provincial de Bellas Artes","Badino, Juan Carlos",,,,
32979,"Museo Provincial de Bellas Artes. Programa de identidad visual","Ratto, Laura Elvira",,,,
43549,"Música Country :","Ruíz, Mauro Agustín",,"Licenciatura en Música (orientación Guitarra).","Universidad Nacional de La Plata. Facultad de Bellas Artes",[s.f]
39340,"Música e infancia en riesgo :","Dillon, Guillermo A",,Maestría.,"Facultad de Bellas Artes. UNLP",2012
43515,"Música Imagen y cuerpos. Arte indisciplinario de América Latina :","Duarte Loza, Daniel Martín",,"Doctorado en Artes -Línea de formación en Arte Contemporáneo Latinoamericano.","Universidad Nacional de La Plata. Facultad de Bellas Artes",2018
43499,"Música original para el cortometraje: ¡Que! entre aguas y violines","Bayala, Manuel",,,,
32589,"Música para percusión y orquesta","Fiore, Francisco",,,,
43567,"Música, movimiento, imagen y sonido :","Vives, Silvia Inés",,"Licenciatura en música con orientación en Composición.","Universidad Nacional de La Plata. Facultad de Artes",2023
32798,"Ninive S.A.C.I.F.I.A. Identidad de Productos :","Lozano, María Cecilia",,,,
32829,"Normalización de imagen para la Dirección de la Juventud Municipalidad de La Plata","Guingold, Gabriela",,,,
43193,"Núcleo de cocina","Tellechea, Mario",,"Proyecto de graduación.","Facultad de Bellas Artes. UNLP",1988
43241,"Núcleo de cocina","Sánchez, María Martha",,"Proyecto de graduación.","Facultad de Bellas Artes. UNLP",1988
43114,Obrador,"Huala, Gustavo A",,"Proyecto de graduación.","Facultad de Bellas Artes. UNLP",1984/85
32579,"Ocurrencias (Prolegomeno 9) :","Gatica, Alejandro J",,,,
32676,"Oficina de Defensa del consumidor","Carranza, Carlos",,,,
32860,"Oficina de la mujer","Galli, Flavia",,,,
43124,"Ómnibus de larga distancia","Malleret, Jorge Hernán",,,,
43144,"Ómnibus larga distancia :","Challiol, Bernardo",,"Proyecto de graduación.","Facultad de Bellas Artes. UNLP",1989
32666,"Organicación de la información en edificio universitario","Castro, María Gabriela",,,,
32675,"Organización de los servicios del Club Comunicaciones","Castro, María Cecilia",,,,
43257,"Organización odontológica Centauro :","Giunta, Ana Paula",,"Proyecto de graduación.","Facultad de Bellas Artes. UNLP",1991
32633,"Orígenes y evolución del mural cerámico en la Argentina","Botta, Susana",,,,
43551,"Palabras de agua :","Kippes, Luisina",,"Licenciatura en Música (orientación en Composición) - .","Universidad Nacional de La Plata. Facultad de Artes",2016
32747,"Paralelos del Teatro Popular del Siglo XVIII Veneciano y del Teatro del Sainete de Principios de Siglo en la argentina :","Di Constanzo, María Bernardita",,,,
32624,"Parque industrial General Pico","Bonessi, Guillermo",,,,
44162,"Pasta-pasta coloreada","Ugartamendia, Nora Inés",,,,
44163,"Pasta-pasta coloreada","Ugartamendia, Nora Inés",,,,
44164,"Pasta-pasta coloreada","Ugartamendia, Nora Inés",,,,
32661,"Pastas coloreadas, baldosas, módulos","Tedeschi, Angela",,,,
44165,"Pautas para un teatro nacional","Lagomarsino, Hugo",,,,
44166,"Pautas para un teatro nacional","Lagomarsino, Hugo",,,,
43470,"Pedro y el Lobo de Serguéi Prokófiev","Iglič, Victoria Sofía",,"Licenciatura en Música (orientación en Dirección Orquestal).","Universidad Nacional de La Plata. Facultad de Bellas Artes",2006
41805,"Pegame :","Barragán, Rosana",,"Maestría en Estética y Teoría de las Artes.","Facultad de Bellas Artes. UNLP",2014
29896,"Percepción auditiva, representación y notación de estructuras métricas de pie binario","Molinari, Leticia",,"Maestría en Psicología de la Música.","Universidad Nacional de La Plata. Facultad de Bellas Artes",2010
41806,"Percepción musical en formato audio y audiovisual :","Piezzi, Adriana María",,"Maestría en Psicología de la Música.","Facultad de Bellas Artes. UNLP",2016
43527,"Performatividad en la Performance (Argentina 1995 -  2015)","Saucedo, Calixto",,"Doctorado en Artes.","Universidad Nacional de La Plata. Facultad de Bellas Artes",2018
32646,"Periódico quincenal de artes marciales :","Berardi, María Gabriela",,,,
32830,"Petroken. Petroquímica Ensenada S.A.","Martinez, María Inés",,,,
32814,"Petroquímica Ipako. Seguridad industrial","Jones, Jacqueline",,,,
32669,"Pintura ingenua","Blanc, Olga",,,,
32614,"Plan editorial municipal Almafuerte","Avinceta, Daniel E",,,,
32797,"Plan solidario contra la desnutrición infantil Plan Padrinazgo","López, Stella Maris",,,,
43516,"Plataforma inmersiva de producciones acusmáticas","Luna, Fabián Esteban",,"Maestría en Psicología de la música.","Universidad Nacional de La Plata. Facultad de Bellas Artes",2018
43513,"Poéticas Arquitectónicas :","Lamas, Raúl Horacio",,"Doctorado en Artes.","Universidad Nacional de La plata. Facultad de Bellas Artes",2019
43502,"Poéticas en papel :","Mahler, Melanie",,"Maestría en Estética y Teoría de las Artes.","Universidad Nacional de La Plata. Facultad de Bellas Artes",2018
32953,"Policlínica privada","Tufró, María Gabriela",,,,
32590,"Presentación de trabajo de Audición Final: Stabat Mater de Franz Joseph Haydn","Saúl, Emir Omar",,,,
32749,"Presentación escénica de la ópera La Boheme de Puccini","Aguirre, José María",,,,
32561,"Problemática del arte indigena actual","Muñoz Cobeñas, Leticia A",,,,
32710,"Proceso de síntesis de formas articuladas por planos","Kistenmacher, Gloria María de los Ángeles",,,,
32717,"Programa Chicos de la calle","Gabarrot, Silvia",,,,
32819,"Programa de identidad corporativa","Moratti Serrichio, Andrea",,,,
32925,"Programa de identidad corporativa. Escuela de educación especial Nº 517","Sánchez, Ana María",,,,
32634,"Programa de identidad para el Instituto de Psicopedagogía especial (IPE)","Caporali, María F",,,,
32695,"Programa de identidad para el Museo Provincial de Bellas Artes","Bonifacio Rossel, Gabriela Germanine",,,,
32678,"Programa de identidad visual de City Bell","Castilla, Mariana",,,,
32677,"Programa de identidad visual del Aero Club de La Plata","Castañeda, Carla",,,,
32627,"Programa de identidad visual para la ciudad de Chascomús","Bonavita, Ana Julia",,,,
32908,"Programa de identidad visual para la subsecretaría de Turismo de la Provincia de Buenos Aires","Miranda, Julio Martín",,,,
32670,"Programa de identidad visual. Institución Casa del niño :","Chianea, Fernando",,,,
32685,"Programa de imagen institucional. Hospital zonal especializado Dr. Noel H. Sbarra","Díaz, Sandra R",,,,
32815,"Programa de prevención de la discapacidad","González, Clara Raquel",,,,
32712,"Programa de promociones estudiantiles para establecimientos primarios y secundarios","Petrelli, Fabiana",,,,
32976,"Programa de turismo estudiantil","Losada, Patricia",,,,
43132,"Promoción turística de Catamarca","Alexandro, María Cecilia",,"Proyecto de graduación.","Facultad de Bellas Artes. UNLP",1991
32731,"Propuesta pedagógica para el curso de iniciación a la escenografía","Serafini, Viviana",,,,
32927,"Propulsora Siderúrgica","Somma, Silvio Diego",,,,
32621,"Proyecto de Graduación en Comunicación Visual","Arcodia, Cecilia Gilda",,,,
32810,"Proyecto de Graduación en Comunicación Visual","Harriet, Mónica",,,,
32725,"Proyecto de identidad de la ciudad de Chascomús","Ezquiroz, Gabriela Virginia",,,,
32954,"Proyecto de identidad visual de Adriático Paddle","Yalet, Mónica",,,,
43254,"Proyecto de regulación de los sistemas visuales en la vía pública de la Ciudad de La Plata","Scola, Guillermo Horacio",,"Proyecto de graduación.","Facultad de Bellas Artes. UNLP",1985
32595,"Proyecto de un monumento a los estudiantes","Rodríguez del Pino, Eduardo Hugo",,,,
32636,"Proyecto de un monumento a los niños ubicado en la plazoleta de acceso sobre el camino Gral. Belgrano de la República de los Niños","Toffoli, Sara Luisa",,,,
32639,"Proyecto de un monumento en el hipódromo de la Ciudad de La Plata","Toffoli, María Beatriz",,,,
32686,"Proyecto de un sistema de señales para la indicación de nomenclaturas y sentidos de circulación de las arterias urbanas de la ciudad de La Plata y alrededores","De Blasio, Rubén",,,,
32641,"Proyecto imagen de empresa Las Grutas","Díaz, Gustavo M",,,,
32924,"Proyecto Programa ASER","Santamaría, Damián",,,,
43171,"Pulverizador eléctrico","Vozzi, Roberto",,"Proyecto de graduación.","Facultad de Bellas Artes. UNLP",1989
43216,"Pupitre escolar y silla","Brunengo, José Antonio",,"Proyecto de graduación.","Facultad de Bellas Artes. UNLP",1988
42953,"Rastros :","Karakachoff, Pedro M. A",,"Licenciado en Artes Plásticas (orientación Grabado y Arte Impreso).","Universidad Nacional de La Plata. Facultad de Artes",2021
29515,"Realidad perceptual de la nota como unidad operativa del pensamiento musical","Burcet, María Inés",,Maestría.,"Facultad de Bellas Artes. Unlp",2014
43534,"Recursos vocales y uso del texto en la obra de Luciano Berio","Cingolani, Juan Manuel",,"Tesis de grado. Licenciatura en Música (Orientación Composición).","Universidad Nacional de La Plata. Facultad de Bellas Artes",2015
43255,"Rediseño de la colección de cuentos ""Pan Flauta"" de Editorial Sudamericana","Funes, Nora",,"Proyecto de graduación.","Facultad de Bellas Artes. UNLP",1989
32888,"Rediseño de la colección de fascículos Crónica Argentina","Piñeyro, Marcelo",,,,
32822,"Rediseño de publicación","Merino, Oscar",,,,
32958,"Rediseño del quincenario El Mundo de Berisso","Velázquez, Fernando R. Iván",,,,
32699,"Rediseño editorial. Diario pionero","Guitelmann, Sara",,,,
43509,"Reflexiones sobre la educación artística :","Cozzi, Teresa",,"Trabajo de Especialización en Lenguajes Artísticos.","Universidad Nacional de La Plata. Facultad de Bellas Artes",[2017]
43146,"Refugio de montaña :","Bendinger, Alberto",,"Proyecto de graduación.","Facultad de Bellas Artes. UNLP",1985
43122,"Refugio instantáneo :","Vázquez, Miguel A",,"Proyecto de graduación.","Facultad de Bellas Artes. UNLP",1984
41808,"Registro en 3 dimensiones de bienes culturales. Aplicaciones al arte contemporáneo","Morita, María Mercedes",,"Doctorado en Artes.","Facultad de Bellas Artes. UNLP",2016
32566,"Renacimiento Alemán :","Diaz Arturi de De Caroli, Lilia D",,,,
32662,"Renacimiento francés","Ferrari, Lucía",,,,
42553,"Representaciones olvidadas en la historia del arte de los Argentinos :","Sciorra, Jorgelina Araceli",,"Maestría en Estética y Teoría de las Artes.","Universidad Nacional Nacional de La Plata. Facultad de Artes",2019
32704,"Revista Champion","Meroni, Pablo Alejandro",,,,
32917,"Revista Multicompras. Diseño editorial","Sanchez, Julieta",,,,
32570,"Salmo orquestal","Larrañaga, Héctor Jorge de",,,,
32879,"San Martín S.A. Imágen de empresa","Rodríguez, Martha E",,,,
32623,"Sanatorio modelo Islas Malvinas","Bonafini, Marcelo",,,,
32679,"Señalización arquitectónica del Centro de Las Artes del Espectáculo. Teatro Argentino de La Plata","Champredonde, Mónica",,,,
32894,"Señalización de los colegios secundarios de la Universidad Nacional de La Plata :","Raiberti, Mónica M",,,,
32683,"Señalización de seguridad para astillero Río Santiago","Durán, María",,,,
32931,"Señalización Museo Pampeano","Santi, Silvina",,,,
43100,"Señalización para el Pabellón de Agudos del Hospital Neuropsiquiátrico Dr. Alejandro Korn de Melchor Romero","Griffiths, Angélica Leonor",,"Proyecto de graduación.","Facultad de Bellas Artes. UNLP",1987
32714,"Señalización turística de La Plata","Díaz Colodrero, Rolando Germán",,,,
32719,"Señalización. Campo de deportes del Círculo Policial de la Provincia de Buenos Aires.","Fernández, Rosa",,,,
41810,"Sensación táctil y audiotáctil en la música :","Anzil, Sergio Iván",,"Doctorado en Artes.","Facultad de Bellas Artes. UNLP",2016
43140,"Servicio a bordo par colectivos de larga distancia :","Alfano, Ramón",,"Proyecto de graduación.","Facultad de Bellas Artes. UNLP",1989
43192,"Silla de ruedas","Oré González, Daniel S",,"Proyecto de graduación.","Facultad de Bellas Artes. UNLP",1977
43240,"Sillón geriátrico :","Monsech, Luis Alberto",,"Proyecto de graduación.","Facultad de Bellas Artes. UNLP",1987
32612,Simetría,"Szelagowski, Cecilia A. M",,,,
42839,"Sin señal  :","Rives, María Florencia",,"Licenciado en Artes Audiovisuales (orientación Realización).","Universidad Nacional de La Plata. Facultad de Artes",2019
43141,"Sistema audiovisual","Luoni, Verónica Jorgelina",,"Proyecto de graduación.","Facultad de Bellas Artes. UNLP",1977
28369,"Sistema audiovisual transportable","Garay, Victor Hugo",,"Proyecto de graduación.","Facultad de Bellas Artes. UNLP",1981
43134,"Sistema cromático formal para el proceso educativo del niño hipoacúsico","Accoce, Eduardo",,"Proyecto de graduación.","Facultad de Bellas Artes. UNLP",1984
43201,"Sistema de calefacción","Olavarría, Martín",,"Proyecto de graduación.","Facultad de Bellas Artes. UNLP",1985
40459,"Sistema de calefacción a leña :","Grimozzi, Eduardo",,"Proyecto de graduación.","Facultad de Bellas Artes. UNLP",1984
43111,"Sistema de cocina integral","Fraga, Mariana",,"Proyecto de graduación.","Facultad de Bellas Artes. UNLP",1989
32817,"Sistema de comunicación para las Escuelas de la Provincia de Buenos Aires","La Motta, Marianela",,,,
32630,"Sistema de cuentos folklóricos infantiles de América","Bianchet, Adriana",,,,
43196,"Sistema de equipamiento bancario","Durante, Carlos",,"Proyecto de graduación.","Facultad de Bellas Artes. UNLP",1984
43188,"Sistema de equipamiento de oficinas","Legaria, Hugo",,"Proyecto de graduación.","Facultad de Bellas Artes. UNLP",1979
43152,"Sistema de equipamiento para estudio de diseño","Centeleghe, Silvia",,"Proyecto de graduación.","Facultad de Bellas Artes. UNLP",1980?
43185,"Sistema de equipamiento sanitario","Anido, Raúl Eduardo",,"Proyecto de graduación.","Facultad de Bellas Artes. UNLP",1979
43121,"Sistema de equipamiento urbano :","Tornini, Héctor Mario",,"Proyecto de graduación.","Facultad de Bellas Artes. UNLP",1978
43233,"Sistema de equipamiento urbano :","Kanaskevich, Sergio",,"Proyecto de graduación.","Facultad de Bellas Artes. UNLP",1977
32713,"Sistema de identidad visual del Museo de Ciencias Naturales de La Plata","Merino, Ernesto",,,,
32923,"Sistema de identidad visual del sector hortícola del Gran La Plata","Vampa, Martha E",,,,
32911,"Sistema de identificación del Teatro Colón","Naranjo, Gabriela",,,,
32921,"Sistema de juegos didácticos. República de los niños :","Sekiguchi, Lucía",,,,
43131,"Sistema de máquinas de coser","Tello, Mario",,"Proyecto de graduación.","Facultad de Bellas Artes. UNLP",1986
43207,"Sistema de seguridad industrial Olivetti","Aprea, Jorge",,"Proyecto de graduación.","Facultad de Bellas Artes. UNLP",1984
32901,"Sistema de señales para centro de servicio Citroen","Pedrido, Marcela",,,,
32885,"Sistema de señales para la Estación de cria de animales salvajes","Redaelli, Angel Aníbal",,,,
32914,"Sistema de señales para supermercados","Nessi, Silvana Irma",,,,
32610,"Sistema de señales para un supermercado","Bariani, Luis Julio",,,,
43108,"Sistema de viviendas temporarias","Figliozzi, Mario Claudio Constante",,Tesis.,"Facultad de Bellas Artes. UNLP",1978
43179,"Sistema modular de vivienda temporaria","Zelaya, Luis Alberto",,"Proyecto de graduación.","Facultad de Bellas Artes. UNLP",1976
32859,"Sistema orientativo para el tránsito vehicular y peatonal, y aplicado a la red de transporte público de la ciudad de La Plata","Gabay, Claudia Marcela",,,,
32655,"Sistema señalético para la Honorable Cámara de Senadores de la Provincia de Buenos Aires","Abbate, Alberto C",,,,
32799,"Sistema visual para terminales de ómnibus del país","Luisoni, María Cecilia",,"Proyecto de graduación ( Diseño en Comunicación Visual).","Universidad Nacional de La Plata. Facultad de Bellas Artes",1984
43258,"Solitos S. A. :","Casco, Guiyermo",,"Proyecto de graduación.","Facultad de Bellas Artes. UNLP",1989
32824,"Subterráneos de Buenos Aires","González, Silvina Haydée",,,,
43139,"Tablero de control inyectoras de plástico :","Chernoff, Jorge",,"Proyecto de graduación.","Facultad de Bellas Artes. UNLP",1988
43169,"Taxi urbano","Serrichio, Sergio Alejandro",,"Proyecto de graduación.","Facultad de Bellas Artes. UNLP",1985
32729,"Teatro ambulante","Pineda, Cristina Soledad",,,,
32618,"Teatro Argentino","Amaya, María Virginia",,,,
32741,"Teatro medieval :","Yacovone, Ana María",,,,
32861,"Teatro Municipal Rafael de Aguier","Galardi, Verónica",,,,
43503,"Teatro para niños y performatividad de género. El teatro infantil platense como estrategia de crianza heteronormada","Casella, Germán Andrés",,"Magister en Estética y Teoría de las Artes.","Universidad Nacional de La Plata. Facultad de Bellas Artes",2019
32645,"Técnicas y desarrollo del moldeado","Piñol, Gricelda A",,,,
43173,"Teléfono público automático","Vozzi, Roberto",,"Proyecto de graduación.","Facultad de Bellas Artes. UNLP",1989
32711,Tesis,"Carden, Federico A",,,,
32951,"Tesis de graduación","Torrijos, Javier",,,,
32702,"Tesis de Pintura","Genovés, Graciela",,,,
41550,"Textura en la Danza, una perspectiva posible","Farabello, María Laura",,"Especialización en Análisis de la Producción Coreográfica.","Facultad de Bellas Artes. UNLP",2011
43517,"Tiempo de dalización y vivencia subjetiva del paciente, un aporte desde la Psicolgía de la Música","Larrechart, Silvia",,"Maestría en Psicología de la Música.","Universidad Nacional de La Plata. Facultad de Bellas Artes",2019
43157,"Timón Cable T.V.S.A. (T.V. por cable)","Rudoni, Elena",,"Proyecto de graduación.","Facultad de Bellas Artes. UNLP",1991
32615,"Tissú :","Ayala, Gabriel Antonio",,,,
43221,"Trabajo de tesis","Fontana, Ana María",,Tesis.,"Facultad de Bellas Artes. UNLP",1980
43260,"Tramas y movimientos sugeridos en Vasarely","Monti, Patricia",,Tesis.,"Faculta de Bellas Artes. UNLP",1979
44756,"Transporte escolar","De Girolamo, Osvaldo Ángel",,"Proyecto de graduación.","Facultad de Bellas Artes. UNLP",1981
44757,"Transporte escolar","De Girolamo, Osvaldo Ángel",,"Proyecto de graduación.","Facultad de Bellas Artes. UNLP",1981
43186,"Tres historias","Favero, Alberto",,"Proyecto de graduación.","Faculta de Bellas Artes. UNLP",1973
32599,"Ubicación de una forma escultórica en un espacio abierto","Lombardo, Susana G",,,,
43531,Ulises,"Chaban Heredia, Pedro A",,"Trabajo Final de Licenciatura en Música (Orientación Composición).","Universidad Nacional de La Plata. Facultad de Bellas Artes",[s.f.]
32539,"Un acercamiento a la actividad cerámica como proceso creativo en personas ciegas y disminuidos visuales","Mascherana, Cintia Romina",,,,
28365,"Un estudio de la danza en interacción con la tecnología desde un punto de vista sistémico","Temperley, Susana",,Especialización.,"Facultad de Bellas Artes. Unlp",2016
32718,"Un papel moneda nacional","Garay, Victor Hugo",,,,
32571,"Una experiencia de taller con adolescentes","Gimenez, Nélida",,,,
32671,"Una historia argentina. Editorial","Cuenya, Celia",,,,
43190,"Unidad audiovisual","Marín, Luis Leopoldo",,"Proyecto de graduación.","Facultad de Bellas Artes. UNLP",1977
43123,"Unidad de cocina","Mathov, Carlos",,"Proyecto de graduación.","Facultad de Bellas Artes. UNLP",1988
43145,"Unidad de cocina :","Fuertes, Laura",,"Proyecto de graduación.","Facultad de Bellas Artes. UNLP",1988
43208,"Unidad de cocina :","Arce Alcalá, Adriana",,"Proyecto de graduación.","Facultad de Bellas Artes. UNLP",1984
43197,"Unidad funcional baño","Calahorra, Guillermo",,"Proyecto de graduación.","Facultad de Bellas Artes. UNLP",1978
43245,"Unidad funcional cocina","Denda, Mercedes",,"Proyecto de graduación.","Facultad de Bellas Artes. UNLP",1982
43231,"Unidad funcional de baño","Restivo, Luis Roberto",,"Proyecto de graduación.","Facultad de Bellas Artes. UNLP",1977
43198,"Unidad hospitalaria","Massigoge, Guillermo",,"Proyecto de graduación.","Facultad de Bellas Artes. UNLP",1977
43220,"Unidad móvil de servicios automóviles","Monastra, Mario Vicente",,"Proyecto de graduación.","Facultad de Bellas Artes. UNLP",1981?
43175,"Unidad sanitaria móvil","Viguera, Sergio",,"Proyecto de graduación.","Facultad de Bellas Artes. UNLP",1982
43206,"Vajilla para hotel :","Dalponte, Graciela",,"Proyecto de graduación.","Facultad de Bellas Artes. UNLP",1979
32783,"Van Gogh y Gauguin :","Eliscovich, Clarisa Fedora",,,,
43180,"Vehículo acuático de recreación","Pollak, Juan Pablo",,"Proyecto de graduación.","Facultad de Bellas Artes. UNLP",1988
43117,"Vehículo acuático, biplaza, para recreación","Tellechea, Mario",,"Proyecto de graduación.","Facultad de Bellas Artes. UNLP",1988
43209,"Vehículo náutico :","Arce Alcalá, Adriana",,"Proyecto de graduación.","Facultad de Bellas Artes. UNLP",1989
43168,"Vehículo para contraste de medidores :","Simón, Jorge",,"Proyecto de graduación.","Facultad de Bellas Artes. UNLP",1985
43243,"Vehículo para taxi :","Ottaviano, Orlando Manuel",,"Proyecto de graduación.","Facultad de Bellas Artes. UNLP",1981?
43097,"Vehículo para transporte de pasajeros","Borri, Carlos Alberto",,Tesis.,"Facultad de Bellas Artes. UNLP",1970
43178,"Vehículo playero anfibio :","Juárez, Luis",,"Proyecto de graduación.","Facultad de Bellas Artes. UNLP",1988
43161,"Vehículo urbano para lisiados :","Brunatti, Julio",,"Proyecto de graduación.","Facultad de Bellas Artes. UNLP",1985
43199,"Vehículo utilitario todo terreno","Isatis, Rodolfo",,"Proyecto de graduación.","Facultad de Bellas Artes. UNLP",1984
43112,"Vehículos diesel en el tráfico ferroviario","Peluso, Oscar H",,"Profesorado de Dibujo Técnico.","Escuela Superior de Bellas Artes",1957
43147,"Vehículos infantiles armables","Boue, Cecilia",,"Proyecto de graduación.","Facultad de Bellas Artes. UNLP",1986
31364,"Venas :","Escobar, Diego",,,,
32742,"Vestuario indígena argentino","Pereiras, Mónica Delia",,,,
32497,"Vida y obra de Leónidas","Iacopetti, Lido",,,,
43542,"Viejos sonidos subalternos :","Eckmeyer, Martín",,"Doctorado en Arte. .","Universidad Nacional de La Plata. Facultad de Artes",2020
32687,"Villa Ceferino. Centro barrial","Castro, Carlos Javier",,,,
43143,"Vivienda temporaria para obreros :","Cavalli, Jorge Carlos",,"Proyecto de graduación.","Facultad de Bellas Artes. UNLP",1979
42785,"Y la lluvia también","Melchor, Tame",,"Licenciado en Artes Audiovisuales (orientación Realización).","Universidad Nacional de La Plata. Facultad de Artes",2019
43156,"Zorra de ferrocarril :","Portillo, Ricardo Salvador",,"Proyecto de graduación.","Facultad de Bellas Artes. UNLP",1978
